Flavor,Mean ScaledRating,Var ScaledRating
Taro,0.8320833333333334,0.027091865079365087
Matcha,0.18138888888888893,0.04216146384479718
KeyLime,0.3463095238095238,0.11963820861678001
EarlGrey,0.8297222222222221,0.029289506172839503
Vanilla,0.5388095238095238,0.03594603174603176
Chocolate,0.677797619047619,0.08576215986394563
Lemon,0.3876984126984127,0.10430964978584026
Pistachio,0.6089285714285714,0.1671683673469388
